ticker,mentions,bullish_pct,bearish_pct,neutral_pct,sentiment_ratio,weighted_sentiment,avg_confidence
KLAC,12,100.0,0.0,0.0,inf,78.33333333333331,78.33333333333333
DLR,6,100.0,0.0,0.0,inf,77.49999999999999,77.5
UNH,35,100.0,0.0,0.0,inf,77.28571428571428,77.28571428571429
SOY,10,100.0,0.0,0.0,inf,76.99999999999999,77.0
ROOT,17,100.0,0.0,0.0,inf,76.17647058823528,76.17647058823529
VRT,5,100.0,0.0,0.0,inf,76.0,76.0
PHYS,5,100.0,0.0,0.0,inf,76.0,76.0
WFC,7,100.0,0.0,0.0,inf,75.71428571428571,75.71428571428571
USDCN,8,100.0,0.0,0.0,inf,75.625,75.625
TOST,14,100.0,0.0,0.0,inf,75.35714285714286,75.35714285714286
CCJ,5,100.0,0.0,0.0,inf,75.0,75.0
SCHW,8,100.0,0.0,0.0,inf,75.0,75.0
NDX,17,100.0,0.0,0.0,inf,74.70588235294116,74.70588235294117
RDW,14,100.0,0.0,0.0,inf,74.64285714285712,74.64285714285714
MNDY,11,100.0,0.0,0.0,inf,74.54545454545453,74.54545454545455
ANET,34,100.0,0.0,0.0,inf,74.41176470588235,74.41176470588235
MS,7,100.0,0.0,0.0,inf,74.28571428571429,74.28571428571429
REAL,12,100.0,0.0,0.0,inf,74.16666666666667,74.16666666666667
CSGP,6,100.0,0.0,0.0,inf,74.16666666666667,74.16666666666667
PSTG,5,100.0,0.0,0.0,inf,74.0,74.0
BAM,5,100.0,0.0,0.0,inf,74.0,74.0
PG,5,100.0,0.0,0.0,inf,74.0,74.0
IBKR,5,100.0,0.0,0.0,inf,74.0,74.0
WIFEY,5,100.0,0.0,0.0,inf,74.0,74.0
VST,14,100.0,0.0,0.0,inf,73.92857142857142,73.92857142857143
AIRE,12,100.0,0.0,0.0,inf,73.75,73.75
IN,28,100.0,0.0,0.0,inf,73.75,73.75
PROP,16,100.0,0.0,0.0,inf,73.75,73.75
TTWO,16,100.0,0.0,0.0,inf,73.75,73.75
XIACY,8,100.0,0.0,0.0,inf,73.75,73.75
BN,11,100.0,0.0,0.0,inf,73.63636363636363,73.63636363636364
NXT,7,100.0,0.0,0.0,inf,73.57142857142858,73.57142857142857
GRMN,7,100.0,0.0,0.0,inf,73.57142857142857,73.57142857142857
III,6,100.0,0.0,0.0,inf,73.33333333333334,73.33333333333333
SCHD,6,100.0,0.0,0.0,inf,73.33333333333334,73.33333333333333
SFM,5,100.0,0.0,0.0,inf,73.00000000000001,73.0
CL,5,100.0,0.0,0.0,inf,73.00000000000001,73.0
SYK,5,100.0,0.0,0.0,inf,73.00000000000001,73.0
MO,5,100.0,0.0,0.0,inf,73.00000000000001,73.0
XCN,5,100.0,0.0,0.0,inf,72.99999999999999,73.0
AIFU,7,100.0,0.0,0.0,inf,72.85714285714286,72.85714285714286
CRDO,8,100.0,0.0,0.0,inf,72.50000000000001,72.5
CPNG,6,100.0,0.0,0.0,inf,72.50000000000001,72.5
ARPA,6,100.0,0.0,0.0,inf,72.50000000000001,72.5
NVVE,16,100.0,0.0,0.0,inf,72.5,72.5
VEEV,6,100.0,0.0,0.0,inf,72.5,72.5
CNQ,8,100.0,0.0,0.0,inf,72.5,72.5
FTNT,11,100.0,0.0,0.0,inf,72.27272727272728,72.27272727272727
INVZ,16,100.0,0.0,0.0,inf,72.1875,72.1875
GTLB,7,100.0,0.0,0.0,inf,72.14285714285714,72.14285714285714
MRVL,25,100.0,0.0,0.0,inf,72.00000000000001,72.0
RBRK,5,100.0,0.0,0.0,inf,72.00000000000001,72.0
CLMT,5,100.0,0.0,0.0,inf,72.0,72.0
KOALA,5,100.0,0.0,0.0,inf,72.0,72.0
MGK,5,100.0,0.0,0.0,inf,72.0,72.0
LRCX,15,100.0,0.0,0.0,inf,72.0,72.0
GS,15,100.0,0.0,0.0,inf,71.99999999999999,72.0
AXP,8,100.0,0.0,0.0,inf,71.875,71.875
F,8,100.0,0.0,0.0,inf,71.875,71.875
OSCR,80,98.75,1.25,0.0,79.0,71.75000000000004,73.5
FIH,15,100.0,0.0,0.0,inf,71.66666666666667,71.66666666666667
HON,6,100.0,0.0,0.0,inf,71.66666666666667,71.66666666666667
EXPE,12,100.0,0.0,0.0,inf,71.66666666666667,71.66666666666667
RCAT,9,100.0,0.0,0.0,inf,71.66666666666664,71.66666666666667
Z,13,100.0,0.0,0.0,inf,71.53846153846153,71.53846153846153
OSTX,7,100.0,0.0,0.0,inf,71.42857142857143,71.42857142857143
NXL,26,100.0,0.0,0.0,inf,71.34615384615384,71.34615384615384
RNXT,13,100.0,0.0,0.0,inf,71.15384615384616,71.15384615384616
ACHR,26,100.0,0.0,0.0,inf,71.15384615384616,71.15384615384616
RDFN,39,100.0,0.0,0.0,inf,71.02564102564101,71.02564102564102
O,20,95.0,5.0,0.0,19.0,70.99999999999999,78.0
LKNCY,11,100.0,0.0,0.0,inf,70.9090909090909,70.9090909090909
ISRG,27,96.29629629629629,3.7037037037037033,6.217248937900877e-15,26.0,70.74074074074075,75.18518518518519
JNJ,8,100.0,0.0,0.0,inf,70.625,70.625
MSCI,8,100.0,0.0,0.0,inf,70.625,70.625
ALGS,183,98.90710382513662,1.092896174863388,-4.218847493575595e-15,90.5,70.46448087431698,71.77595628415301
LTC,29,96.55172413793103,3.4482758620689653,2.6645352591003757e-15,28.0,70.17241379310349,74.65517241379311
RVPH,13,100.0,0.0,0.0,inf,70.0,70.0
SYM,5,100.0,0.0,0.0,inf,70.0,70.0
NEM,5,100.0,0.0,0.0,inf,70.0,70.0
REAX,5,100.0,0.0,0.0,inf,70.0,70.0
RKT,7,100.0,0.0,0.0,inf,70.0,70.0
RUN,6,100.0,0.0,0.0,inf,69.99999999999999,70.0
PTON,19,100.0,0.0,0.0,inf,69.73684210526315,69.73684210526316
MBLY,40,97.5,2.5,0.0,39.0,69.625,72.875
HUT,9,100.0,0.0,0.0,inf,69.44444444444446,69.44444444444444
NET,40,97.5,2.5,0.0,39.0,69.25,73.25
POET,6,100.0,0.0,0.0,inf,69.16666666666667,69.16666666666667
RR,6,100.0,0.0,0.0,inf,69.16666666666666,69.16666666666667
TRT,6,100.0,0.0,0.0,inf,69.16666666666666,69.16666666666667
BP,6,100.0,0.0,0.0,inf,69.16666666666666,69.16666666666667
IRBT,160,99.375,0.625,0.0,159.0,69.00000000000003,69.625
SPA,5,100.0,0.0,0.0,inf,69.0,69.0
RILY,5,100.0,0.0,0.0,inf,69.0,69.0
BIVI,22,100.0,0.0,0.0,inf,68.86363636363635,68.86363636363636
BROS,8,100.0,0.0,0.0,inf,68.75,68.75
IREN,12,100.0,0.0,0.0,inf,68.75,68.75
JPM,18,94.44444444444444,5.555555555555555,1.7763568394002505e-15,17.0,68.61111111111111,76.38888888888889
BILL,7,100.0,0.0,0.0,inf,68.57142857142857,68.57142857142857
DOUG,6,100.0,0.0,0.0,inf,68.33333333333333,68.33333333333333
HTLD,9,100.0,0.0,0.0,inf,68.33333333333333,68.33333333333333
CORZ,50,96.0,4.0,0.0,24.0,68.30000000000001,73.7
PAGS,5,100.0,0.0,0.0,inf,68.0,68.0
NRDY,5,100.0,0.0,0.0,inf,68.0,68.0
JOE,5,100.0,0.0,0.0,inf,68.0,68.0
EC,7,100.0,0.0,0.0,inf,67.85714285714286,67.85714285714286
TEM,58,98.27586206896551,1.7241379310344827,8.43769498715119e-15,57.0,67.84482758620692,70.08620689655173
MELI,73,94.52054794520548,5.47945205479452,8.881784197001252e-16,17.25,67.60273972602742,75.0
CLDI,37,100.0,0.0,0.0,inf,67.43243243243244,67.43243243243244
DDOG,38,97.36842105263158,2.631578947368421,3.9968028886505635e-15,37.0,67.36842105263159,70.78947368421052
RIG,7,100.0,0.0,0.0,inf,67.14285714285714,67.14285714285714
BTU,7,100.0,0.0,0.0,inf,67.14285714285714,67.14285714285714
JMIA,5,100.0,0.0,0.0,inf,67.0,67.0
FFH,23,95.65217391304348,4.3478260869565215,-5.329070518200751e-15,22.000000000000004,66.95652173913042,71.30434782608695
JD,182,96.15384615384616,3.8461538461538463,-6.661338147750939e-15,25.0,66.73076923076923,71.73076923076923
BB,31,96.7741935483871,3.225806451612903,-6.217248937900877e-15,30.000000000000004,66.29032258064518,70.16129032258064
HOOD,268,94.40298507462687,5.223880597014925,0.3731343283582058,18.071428571428573,66.17537313432827,73.19029850746269
SPHR,90,94.44444444444444,5.555555555555555,1.7763568394002505e-15,17.0,65.72222222222224,72.5
XYZ,15,93.33333333333333,6.666666666666667,4.440892098500626e-15,13.999999999999998,65.66666666666666,74.33333333333333
ABNB,44,95.45454545454545,4.545454545454546,8.881784197001252e-16,20.999999999999996,65.45454545454544,71.36363636363636
ZS,16,93.75,6.25,0.0,15.0,65.31249999999999,72.8125
GEO,5,100.0,0.0,0.0,inf,65.00000000000001,65.0
RXRX,9,100.0,0.0,0.0,inf,65.0,65.0
WULF,21,95.23809523809523,4.761904761904762,1.1546319456101628e-14,19.999999999999996,64.99999999999999,71.66666666666667
FUBO,9,100.0,0.0,0.0,inf,64.99999999999999,65.0
NU,125,92.80000000000001,7.199999999999999,-1.0658141036401503e-14,12.888888888888891,64.32000000000005,74.08
NNOX,6,100.0,0.0,0.0,inf,64.16666666666667,64.16666666666667
XPEV,26,92.3076923076923,7.6923076923076925,8.881784197001252e-16,12.0,64.03846153846155,74.42307692307692
HIMS,656,93.4451219512195,6.402439024390244,0.15243902439025092,14.595238095238095,63.77591463414627,72.14481707317073
OKLO,55,92.72727272727272,7.2727272727272725,7.993605777301127e-15,12.75,63.45454545454544,72.18181818181819
AMAT,9,88.88888888888889,11.11111111111111,3.552713678800501e-15,8.0,63.33333333333333,76.66666666666667
ADYEN,12,91.66666666666666,8.333333333333332,1.0658141036401503e-14,11.0,63.33333333333333,75.0
DOCS,17,94.11764705882352,5.88235294117647,7.993605777301127e-15,16.0,63.23529411764706,72.05882352941177
BIDU,138,92.7536231884058,7.246376811594203,0.0,12.799999999999999,63.188405797101446,72.3913043478261
YINN,11,90.9090909090909,9.090909090909092,1.7763568394002505e-15,9.999999999999998,63.18181818181819,76.81818181818181
P,11,90.9090909090909,9.090909090909092,1.7763568394002505e-15,9.999999999999998,62.727272727272734,76.36363636363636
BYDDF,26,92.3076923076923,7.6923076923076925,8.881784197001252e-16,12.0,62.69230769230768,72.6923076923077
SERV,20,95.0,5.0,0.0,19.0,62.499999999999986,69.0
V,29,93.10344827586206,6.896551724137931,5.329070518200751e-15,13.5,62.41379310344827,71.03448275862068
AXON,40,92.5,7.5,0.0,12.333333333333334,62.375,72.625
AFRM,74,93.24324324324324,6.756756756756757,8.881784197001252e-16,13.799999999999999,62.36486486486488,71.55405405405405
KWEB,120,92.5,7.5,0.0,12.333333333333334,62.250000000000014,71.75
TCEHY,14,92.85714285714286,7.142857142857142,-3.552713678800501e-15,13.000000000000002,62.14285714285713,72.14285714285714
CGC,11,90.9090909090909,9.090909090909092,1.7763568394002505e-15,9.999999999999998,61.81818181818181,72.72727272727273
NOW,35,91.42857142857143,8.571428571428571,-1.7763568394002505e-15,10.666666666666668,61.71428571428569,72.28571428571429
COST,38,92.10526315789474,7.894736842105263,-2.6645352591003757e-15,11.666666666666668,61.31578947368419,70.78947368421052
RIVN,156,91.66666666666666,8.333333333333332,1.0658141036401503e-14,11.0,61.31410256410259,72.21153846153847
SE,27,92.5925925925926,7.4074074074074066,-1.7763568394002505e-15,12.500000000000002,61.296296296296305,72.77777777777777
IBIT,25,92.0,8.0,0.0,11.5,61.19999999999999,72.4
PGY,60,91.66666666666666,8.333333333333332,1.0658141036401503e-14,11.0,61.16666666666667,72.0
UAL,10,90.0,10.0,0.0,9.0,61.00000000000001,76.0
G,45,91.11111111111111,8.88888888888889,-3.552713678800501e-15,10.25,61.0,72.33333333333333
BABA,764,92.67015706806284,7.198952879581152,0.1308900523560128,12.872727272727273,60.96204188481666,70.11780104712042
EOSE,16,93.75,6.25,0.0,15.0,60.937499999999986,68.4375
ASML,114,89.47368421052632,10.526315789473683,1.7763568394002505e-15,8.5,60.92105263157897,74.69298245614036
KO,14,92.85714285714286,7.142857142857142,-3.552713678800501e-15,13.000000000000002,60.71428571428571,68.57142857142857
GRRR,18,94.44444444444444,5.555555555555555,1.7763568394002505e-15,17.0,60.555555555555564,67.22222222222223
SNPS,10,90.0,10.0,0.0,9.0,60.5,75.5
NBIS,23,91.30434782608695,8.695652173913043,3.552713678800501e-15,10.5,60.434782608695635,70.8695652173913
PINS,12,91.66666666666666,8.333333333333332,1.0658141036401503e-14,11.0,60.416666666666664,74.58333333333333
DELL,20,90.0,10.0,0.0,9.0,60.0,72.0
APRE,16,93.75,6.25,0.0,15.0,60.0,68.125
MA,14,92.85714285714286,7.142857142857142,-3.552713678800501e-15,13.000000000000002,59.64285714285715,68.21428571428571
CAT,14,92.85714285714286,7.142857142857142,-3.552713678800501e-15,13.000000000000002,59.64285714285714,70.35714285714286
ADBE,27,88.88888888888889,7.4074074074074066,3.7037037037037077,12.000000000000002,59.62962962962962,72.5925925925926
LMND,20,90.0,10.0,0.0,9.0,59.5,73.0
ULTA,10,90.0,10.0,0.0,9.0,59.5,73.5
LABU,13,92.3076923076923,7.6923076923076925,8.881784197001252e-16,12.0,59.23076923076923,69.23076923076923
GLP,10,90.0,10.0,0.0,9.0,59.00000000000001,73.0
CFLT,8,87.5,12.5,0.0,7.0,58.75,73.75
AI,37,89.1891891891892,10.81081081081081,-3.552713678800501e-15,8.25,58.648648648648646,72.70270270270271
CRM,54,88.88888888888889,9.25925925925926,1.8518518518518547,9.6,58.51851851851851,72.5925925925926
NIO,221,90.04524886877829,9.502262443438914,0.4524886877827985,9.476190476190476,58.4841628959276,71.26696832579185
RKLB,207,89.85507246376811,9.66183574879227,0.4830917874396192,9.299999999999999,58.35748792270529,71.44927536231884
DUOL,28,89.28571428571429,10.714285714285714,-5.329070518200751e-15,8.333333333333334,58.03571428571429,72.67857142857143
SOFI,193,88.60103626943005,10.880829015544041,0.518134715025905,8.142857142857144,58.005181347150256,72.15025906735751
NFLX,122,89.34426229508196,10.655737704918032,7.105427357601002e-15,8.384615384615385,57.99180327868856,72.6639344262295
APLD,8,87.5,12.5,0.0,7.0,56.875,71.875
DOCU,9,88.88888888888889,11.11111111111111,3.552713678800501e-15,8.0,56.66666666666668,71.11111111111111
BLK,7,85.71428571428571,14.285714285714285,7.105427357601002e-15,6.0,56.42857142857143,75.0
LUNR,25,88.0,12.0,0.0,7.333333333333333,56.399999999999984,71.2
ENVX,12,91.66666666666666,8.333333333333332,1.0658141036401503e-14,11.0,56.250000000000014,69.58333333333333
TWLO,28,89.28571428571429,10.714285714285714,-5.329070518200751e-15,8.333333333333334,56.25,71.96428571428571
COIN,120,88.33333333333333,11.666666666666666,5.329070518200751e-15,7.571428571428571,56.208333333333336,72.45833333333333
EQX,10,90.0,10.0,0.0,9.0,56.00000000000001,70.0
FWRD,11,90.9090909090909,9.090909090909092,1.7763568394002505e-15,9.999999999999998,55.90909090909091,66.81818181818181
CLBT,7,85.71428571428571,14.285714285714285,7.105427357601002e-15,6.0,55.714285714285715,74.28571428571429
CLSK,86,87.20930232558139,12.790697674418606,3.552713678800501e-15,6.8181818181818175,55.69767441860465,72.20930232558139
UPST,79,88.60759493670885,11.39240506329114,1.0658141036401503e-14,7.777777777777777,55.69620253164559,71.0126582278481
ENPH,16,87.5,12.5,0.0,7.0,55.625,70.625
MARA,136,86.76470588235294,11.76470588235294,1.4705882352941178,7.375000000000001,55.514705882352956,71.58088235294117
TSM,110,84.54545454545455,13.636363636363635,1.8181818181818183,6.200000000000001,55.50000000000001,74.13636363636364
TDOC,11,90.9090909090909,9.090909090909092,1.7763568394002505e-15,9.999999999999998,55.45454545454545,70.0
JOBY,33,90.9090909090909,9.090909090909092,1.7763568394002505e-15,9.999999999999998,55.30303030303029,68.03030303030303
ASTS,156,87.82051282051282,12.179487179487179,3.552713678800501e-15,7.2105263157894735,55.19230769230773,71.08974358974359
LI,7,85.71428571428571,14.285714285714285,7.105427357601002e-15,6.0,55.00000000000001,75.0
ALGO,7,85.71428571428571,14.285714285714285,7.105427357601002e-15,6.0,54.99999999999999,72.14285714285714
BESI,7,85.71428571428571,14.285714285714285,7.105427357601002e-15,6.0,54.99999999999999,77.85714285714286
NVDX,9,88.88888888888889,11.11111111111111,3.552713678800501e-15,8.0,54.99999999999999,68.33333333333333
HITI,33,87.87878787878788,12.121212121212121,3.552713678800501e-15,7.25,54.848484848484844,71.81818181818181
UBER,170,87.6470588235294,12.352941176470589,5.329070518200751e-15,7.095238095238095,54.752941176470614,70.75294117647059
GME,72,88.88888888888889,9.722222222222223,1.388888888888891,9.142857142857142,54.652777777777786,67.01388888888889
CRWD,82,86.58536585365853,13.414634146341465,5.329070518200751e-15,6.454545454545453,54.63414634146344,71.95121951219512
PDD,194,87.62886597938144,12.371134020618557,-1.7763568394002505e-15,7.083333333333333,54.561855670103064,70.74742268041237
ARM,65,87.6923076923077,12.307692307692308,-1.7763568394002505e-15,7.125,54.53846153846153,71.15384615384616
MRK,7,85.71428571428571,14.285714285714285,7.105427357601002e-15,6.0,54.28571428571429,72.85714285714286
WDAY,8,87.5,12.5,0.0,7.0,53.75000000000001,71.25
LULU,18,88.88888888888889,11.11111111111111,3.552713678800501e-15,8.0,53.6111111111111,67.5
ACB,7,85.71428571428571,14.285714285714285,7.105427357601002e-15,6.0,53.571428571428584,70.71428571428571
AIFF,7,85.71428571428571,14.285714285714285,7.105427357601002e-15,6.0,53.571428571428584,67.85714285714286
CVX,7,85.71428571428571,14.285714285714285,7.105427357601002e-15,6.0,53.57142857142857,75.0
FUTU,7,85.71428571428571,14.285714285714285,7.105427357601002e-15,6.0,53.57142857142857,73.57142857142857
TSLL,15,86.66666666666667,13.333333333333334,-5.329070518200751e-15,6.5,53.33333333333334,74.66666666666667
EVO,6,83.33333333333334,16.666666666666664,-7.105427357601002e-15,5.000000000000001,53.333333333333336,73.33333333333333
CEG,15,86.66666666666667,13.333333333333334,-5.329070518200751e-15,6.5,53.333333333333336,70.0
HSI,67,85.07462686567165,14.925373134328357,-3.552713678800501e-15,5.700000000000001,52.98507462686566,71.19402985074628
EBIT,7,85.71428571428571,14.285714285714285,7.105427357601002e-15,6.0,52.85714285714286,74.28571428571429
RSP,7,85.71428571428571,14.285714285714285,7.105427357601002e-15,6.0,52.85714285714286,70.0
MPWR,7,85.71428571428571,14.285714285714285,7.105427357601002e-15,6.0,52.85714285714286,74.28571428571429
FXI,34,85.29411764705883,14.705882352941178,-3.552713678800501e-15,5.8,52.79411764705883,70.44117647058823
LCID,15,86.66666666666667,13.333333333333334,-5.329070518200751e-15,6.5,52.66666666666667,72.66666666666667
CDNS,6,83.33333333333334,16.666666666666664,-7.105427357601002e-15,5.000000000000001,52.5,75.83333333333333
X,9,88.88888888888889,11.11111111111111,3.552713678800501e-15,8.0,52.222222222222214,67.77777777777777
BITF,7,85.71428571428571,14.285714285714285,7.105427357601002e-15,6.0,52.142857142857146,72.14285714285714
RIOT,67,85.07462686567165,14.925373134328357,-3.552713678800501e-15,5.700000000000001,52.08955223880597,72.98507462686567
SHOP,79,84.81012658227847,15.18987341772152,8.881784197001252e-15,5.583333333333332,52.08860759493674,72.72151898734177
GRAB,89,84.26966292134831,15.730337078651685,1.7763568394002505e-15,5.357142857142858,52.000000000000014,70.98876404494382
FICO,13,84.61538461538461,15.384615384615385,1.7763568394002505e-15,5.5,51.92307692307693,71.15384615384616
GOLD,8,87.5,12.5,0.0,7.0,51.87500000000001,69.375
TRTCH,87,87.35632183908046,12.643678160919542,-7.105427357601002e-15,6.909090909090908,51.72413793103452,68.73563218390805
FOA,9,88.88888888888889,11.11111111111111,3.552713678800501e-15,8.0,51.66666666666667,68.33333333333333
NVDL,5,80.0,20.0,0.0,4.0,51.0,77.0
ETH,107,84.11214953271028,14.953271028037381,0.9345794392523423,5.625000000000001,50.98130841121499,71.58878504672897
RDDT,63,85.71428571428571,14.285714285714285,7.105427357601002e-15,6.0,50.952380952380935,70.7936507936508
DIA,103,85.43689320388349,14.563106796116504,1.0658141036401503e-14,5.866666666666666,50.87378640776701,69.32038834951456
MSOS,6,83.33333333333334,16.666666666666664,-7.105427357601002e-15,5.000000000000001,50.83333333333334,70.83333333333333
VKTX,6,83.33333333333334,16.666666666666664,-7.105427357601002e-15,5.000000000000001,50.83333333333333,70.83333333333333
DJI,6,83.33333333333334,16.666666666666664,-7.105427357601002e-15,5.000000000000001,50.83333333333333,67.5
BTCUS,21,85.71428571428571,14.285714285714285,7.105427357601002e-15,6.0,50.476190476190474,69.04761904761905
PATH,14,85.71428571428571,14.285714285714285,7.105427357601002e-15,6.0,50.35714285714285,71.78571428571429
TMDX,129,83.72093023255815,16.27906976744186,-7.105427357601002e-15,5.142857142857143,50.000000000000014,71.31782945736434
MCO,6,83.33333333333334,16.666666666666664,-7.105427357601002e-15,5.000000000000001,50.0,71.66666666666667
TMUS,6,83.33333333333334,16.666666666666664,-7.105427357601002e-15,5.000000000000001,50.0,71.66666666666667
AMZN,560,82.5,16.964285714285715,0.5357142857142847,4.863157894736842,49.95535714285705,72.61607142857143
GOOG,220,82.72727272727273,17.272727272727273,-7.105427357601002e-15,4.7894736842105265,49.72727272727271,73.0909090909091
BTC,408,83.08823529411765,16.42156862745098,0.49019607843136725,5.059701492537314,49.68137254901958,71.77696078431373
NQ,177,84.18079096045197,15.819209039548024,3.552713678800501e-15,5.32142857142857,49.49152542372881,70.11299435028249
SOL,49,81.63265306122449,16.3265306122449,2.0408163265306136,5.0,49.48979591836735,72.55102040816327
SMCI,324,84.5679012345679,15.432098765432098,3.552713678800501e-15,5.48,49.373456790123434,70.45370370370371
META,452,82.96460176991151,16.8141592920354,0.2212389380530908,4.934210526315789,49.13716814159284,71.570796460177
SNDL,5,80.0,20.0,0.0,4.0,49.00000000000001,73.0
ES,273,83.15018315018315,16.84981684981685,-3.552713678800501e-15,4.934782608695652,48.64468864468865,70.29304029304029
HHH,7,85.71428571428571,14.285714285714285,7.105427357601002e-15,6.0,48.57142857142857,68.57142857142857
FSLR,30,83.33333333333334,16.666666666666664,-7.105427357601002e-15,5.000000000000001,48.33333333333332,72.0
TXN,5,80.0,20.0,0.0,4.0,48.0,74.0
CSU,12,83.33333333333334,16.666666666666664,-7.105427357601002e-15,5.000000000000001,47.91666666666667,67.91666666666667
NVDA,1228,82.41042345276874,17.42671009771987,0.16286644951139095,4.728971962616823,47.815960912052226,70.72312703583061
PYPL,98,81.63265306122449,17.346938775510203,1.0204081632653086,4.705882352941177,47.75510204081635,70.81632653061224
DKNG,24,83.33333333333334,16.666666666666664,-7.105427357601002e-15,5.000000000000001,47.49999999999999,69.58333333333333
ALAB,22,81.81818181818183,18.181818181818183,-1.0658141036401503e-14,4.5,47.272727272727266,72.27272727272727
PTLO,7,85.71428571428571,14.285714285714285,7.105427357601002e-15,6.0,47.14285714285714,68.57142857142857
RTX,5,80.0,20.0,0.0,4.0,46.99999999999999,71.0
SPRY,12,83.33333333333334,16.666666666666664,-7.105427357601002e-15,5.000000000000001,46.66666666666668,69.16666666666667
SPOT,36,83.33333333333334,16.666666666666664,-7.105427357601002e-15,5.000000000000001,46.66666666666666,71.38888888888889
K,14,78.57142857142857,21.428571428571427,3.552713678800501e-15,3.666666666666667,46.42857142857144,73.57142857142857
NNE,11,81.81818181818183,18.181818181818183,-1.0658141036401503e-14,4.5,46.36363636363637,69.0909090909091
TEAM,16,81.25,18.75,0.0,4.333333333333333,46.25,71.875
HD,5,80.0,20.0,0.0,4.0,46.00000000000001,72.0
CVS,10,80.0,20.0,0.0,4.0,46.0,70.0
DXCM,5,80.0,20.0,0.0,4.0,46.0,72.0
CSCO,15,80.0,20.0,0.0,4.0,46.0,73.33333333333333
WMT,25,80.0,20.0,0.0,4.0,45.99999999999999,72.0
MSFT,286,80.06993006993007,19.93006993006993,3.552713678800501e-15,4.017543859649122,45.83916083916081,72.0979020979021
CRVS,6,83.33333333333334,16.666666666666664,-7.105427357601002e-15,5.000000000000001,45.83333333333333,65.83333333333333
I,6,83.33333333333334,16.666666666666664,-7.105427357601002e-15,5.000000000000001,45.83333333333333,69.16666666666667
INTC,70,81.42857142857143,18.571428571428573,-3.552713678800501e-15,4.384615384615384,45.57142857142857,68.71428571428571
PLTR,673,80.98068350668647,18.87072808320951,0.1485884101040149,4.291338582677165,45.15898959881125,70.2852897473997
AMD,461,80.4772234273319,19.088937093275486,0.4338394793926206,4.215909090909092,45.15184381778736,70.5531453362256
BTI,6,83.33333333333334,16.666666666666664,-7.105427357601002e-15,5.000000000000001,44.166666666666664,64.16666666666667
DECK,11,81.81818181818183,18.181818181818183,-1.0658141036401503e-14,4.5,44.0909090909091,68.63636363636364
PFE,15,80.0,20.0,0.0,4.0,44.0,70.0
RACE,10,80.0,20.0,0.0,4.0,43.99999999999999,71.0
ONON,15,80.0,20.0,0.0,4.0,43.66666666666666,72.33333333333333
AVGO,78,78.2051282051282,20.51282051282051,1.2820512820512846,3.8125000000000004,43.65384615384616,72.75641025641026
ORCL,26,76.92307692307693,19.230769230769234,3.8461538461538325,4.0,43.65384615384615,71.34615384615384
XRP,36,77.77777777777779,22.22222222222222,-7.105427357601002e-15,3.5000000000000004,43.6111111111111,71.38888888888889
DOGE,28,78.57142857142857,21.428571428571427,3.552713678800501e-15,3.666666666666667,43.21428571428571,69.28571428571429
SOUN,25,80.0,20.0,0.0,4.0,43.0,69.0
TLRY,9,77.77777777777779,22.22222222222222,-7.105427357601002e-15,3.5000000000000004,42.77777777777778,71.66666666666667
GEV,9,77.77777777777779,22.22222222222222,-7.105427357601002e-15,3.5000000000000004,42.77777777777778,73.88888888888889
MU,49,77.55102040816327,20.408163265306122,2.04081632653061,3.8000000000000003,42.75510204081632,71.93877551020408
OKTA,10,80.0,20.0,0.0,4.0,42.50000000000001,72.5
FCF,9,77.77777777777779,22.22222222222222,-7.105427357601002e-15,3.5000000000000004,42.22222222222223,74.44444444444444
FDX,5,80.0,20.0,0.0,4.0,41.99999999999999,72.0
ATD,13,76.92307692307693,23.076923076923077,-1.0658141036401503e-14,3.333333333333334,41.92307692307693,68.84615384615384
BRK,16,75.0,25.0,0.0,3.0,41.56249999999999,73.4375
SPX,409,78.239608801956,21.76039119804401,-7.105427357601002e-15,3.595505617977528,41.403422982885026,69.79462102689486
CIFR,14,78.57142857142857,21.428571428571427,3.552713678800501e-15,3.666666666666667,41.07142857142857,68.92857142857143
SBSW,10,80.0,20.0,0.0,4.0,41.0,68.0
GLD,11,72.72727272727273,18.181818181818183,9.090909090909083,4.0,40.90909090909092,69.0909090909091
QQQ,744,78.09139784946237,21.908602150537636,-3.552713678800501e-15,3.5644171779141103,40.8870967741935,70.29569892473118
GM,13,76.92307692307693,23.076923076923077,-1.0658141036401503e-14,3.333333333333334,40.769230769230774,73.07692307692308
PANW,40,77.5,22.5,0.0,3.4444444444444446,40.74999999999999,70.0
SMR,13,76.92307692307693,23.076923076923077,-1.0658141036401503e-14,3.333333333333334,40.38461538461538,71.92307692307692
C,17,76.47058823529412,23.52941176470588,3.552713678800501e-15,3.25,40.29411764705882,72.05882352941177
M,54,75.92592592592592,22.22222222222222,1.8518518518518547,3.4166666666666665,39.96296296296297,71.81481481481481
XLF,17,76.47058823529412,23.52941176470588,3.552713678800501e-15,3.25,39.41176470588235,71.17647058823529
ASAN,5,80.0,20.0,0.0,4.0,38.99999999999999,65.0
LMT,12,75.0,25.0,0.0,3.0,38.75,71.25
FOUR,8,75.0,25.0,0.0,3.0,38.75,71.25
LLY,33,75.75757575757575,24.242424242424242,7.105427357601002e-15,3.1249999999999996,38.63636363636364,71.96969696969697
MDB,32,75.0,25.0,0.0,3.0,38.43749999999999,72.1875
ROKU,29,75.86206896551724,24.137931034482758,3.552713678800501e-15,3.142857142857143,37.93103448275862,71.37931034482759
BBAI,24,79.16666666666666,20.833333333333336,7.105427357601002e-15,3.799999999999999,37.916666666666664,67.5
TSLA,943,75.18557794273595,24.496288441145282,0.31813361611877156,3.069264069264069,37.8791092258748,69.97348886532343
QCOM,25,76.0,24.0,0.0,3.1666666666666665,37.800000000000004,69.8
NVO,43,74.4186046511628,25.581395348837212,-7.105427357601002e-15,2.9090909090909087,37.67441860465116,72.09302325581395
SPY,894,75.72706935123043,24.272930648769574,0.0,3.119815668202765,37.62975391498876,69.31879194630872
DJT,27,74.07407407407408,25.925925925925924,0.0,2.8571428571428577,37.407407407407405,66.66666666666667
SNOW,75,73.33333333333333,25.333333333333336,1.3333333333333357,2.894736842105263,37.133333333333326,71.26666666666667
DASH,12,75.0,25.0,0.0,3.0,37.083333333333336,69.58333333333333
E,42,71.42857142857143,28.57142857142857,0.0,2.5000000000000004,36.42857142857142,71.66666666666667
VET,8,75.0,25.0,0.0,3.0,36.25,63.75
AMDL,9,77.77777777777779,22.22222222222222,-7.105427357601002e-15,3.5000000000000004,36.111111111111114,67.22222222222223
GOOGL,219,72.6027397260274,26.94063926940639,0.456621004566216,2.6949152542372885,35.91324200913244,70.57077625570776
AAPL,292,73.28767123287672,26.36986301369863,0.34246575342465135,2.7792207792207795,35.80479452054795,70.49657534246575
UX,15,73.33333333333333,26.666666666666668,3.552713678800501e-15,2.7499999999999996,35.666666666666664,71.66666666666667
HUBS,11,72.72727272727273,27.27272727272727,-3.552713678800501e-15,2.6666666666666674,35.45454545454545,69.0909090909091
RUM,15,73.33333333333333,26.666666666666668,3.552713678800501e-15,2.7499999999999996,35.33333333333333,70.66666666666667
CELH,86,73.25581395348837,26.744186046511626,3.552713678800501e-15,2.739130434782609,35.0581395348837,68.8953488372093
TRUMP,69,73.91304347826086,26.08695652173913,1.0658141036401503e-14,2.833333333333333,34.92753623188405,69.27536231884058
S,41,73.17073170731707,26.82926829268293,-3.552713678800501e-15,2.727272727272727,34.756097560975604,69.8780487804878
A,38,73.68421052631578,26.31578947368421,1.0658141036401503e-14,2.8,34.73684210526316,73.42105263157895
TTD,51,74.50980392156863,25.49019607843137,-3.552713678800501e-15,2.9230769230769234,34.70588235294117,68.62745098039215
NKE,73,73.97260273972603,26.027397260273972,0.0,2.8421052631578947,34.65753424657534,69.58904109589041
IWM,125,72.8,27.200000000000003,0.0,2.676470588235294,33.99999999999998,70.8
MPW,8,75.0,25.0,0.0,3.0,33.75,71.25
MSTR,312,71.47435897435898,27.564102564102566,0.9615384615384563,2.5930232558139537,33.68589743589743,69.69551282051282
TGT,11,72.72727272727273,27.27272727272727,-3.552713678800501e-15,2.6666666666666674,33.63636363636363,75.45454545454545
B,63,73.01587301587301,26.984126984126984,3.552713678800501e-15,2.705882352941176,33.25396825396824,68.80952380952381
SOC,11,72.72727272727273,27.27272727272727,-3.552713678800501e-15,2.6666666666666674,33.18181818181819,67.72727272727273
CMG,11,72.72727272727273,27.27272727272727,-3.552713678800501e-15,2.6666666666666674,32.727272727272734,67.27272727272727
U,30,73.33333333333333,26.666666666666668,3.552713678800501e-15,2.7499999999999996,32.26666666666665,69.93333333333334
BUR,7,71.42857142857143,28.57142857142857,0.0,2.5000000000000004,31.428571428571434,65.71428571428571
RIDE,15,73.33333333333333,26.666666666666668,3.552713678800501e-15,2.7499999999999996,30.666666666666664,66.0
BAC,13,69.23076923076923,30.76923076923077,3.552713678800501e-15,2.25,30.384615384615387,71.15384615384616
VOO,12,66.66666666666666,33.33333333333333,1.4210854715202004e-14,2.0,29.58333333333334,72.08333333333333
VIX,185,69.1891891891892,30.270270270270274,0.5405405405405332,2.2857142857142856,29.216216216216235,69.8108108108108
XBI,69,69.56521739130434,30.434782608695656,0.0,2.285714285714285,28.985507246376812,68.55072463768116
SQ,95,68.42105263157895,31.57894736842105,3.552713678800501e-15,2.1666666666666665,28.842105263157887,70.21052631578948
GE,10,70.0,30.0,0.0,2.3333333333333335,28.499999999999996,71.5
T,20,70.0,30.0,0.0,2.3333333333333335,28.499999999999996,67.0
SGMO,32,71.875,28.125,0.0,2.5555555555555554,28.4375,64.6875
PEP,9,66.66666666666666,33.33333333333333,1.4210854715202004e-14,2.0,28.333333333333332,69.44444444444444
DIS,35,68.57142857142857,31.428571428571427,3.552713678800501e-15,2.1818181818181817,27.571428571428573,68.42857142857143
NEE,6,66.66666666666666,33.33333333333333,1.4210854715202004e-14,2.0,27.499999999999996,70.83333333333333
LYFT,16,68.75,31.25,0.0,2.2,27.187499999999996,72.1875
N,6,66.66666666666666,33.33333333333333,1.4210854715202004e-14,2.0,25.83333333333333,62.5
LVMUY,15,66.66666666666666,33.33333333333333,1.4210854715202004e-14,2.0,25.33333333333333,70.0
AMC,14,64.28571428571429,35.714285714285715,-7.105427357601002e-15,1.8,24.28571428571428,69.28571428571429
TLT,115,66.95652173913044,33.04347826086956,0.0,2.0263157894736845,24.260869565217384,69.04347826086956
USA,5,60.0,40.0,0.0,1.5,23.0,69.0
PAYC,5,60.0,40.0,0.0,1.5,23.0,65.0
EPS,86,61.627906976744185,38.372093023255815,0.0,1.606060606060606,22.151162790697697,75.40697674418605
HPE,5,60.0,40.0,0.0,1.5,21.999999999999996,74.0
CAVA,37,62.16216216216216,35.13513513513514,2.7027027027027017,1.7692307692307692,21.62162162162161,67.83783783783784
RBLX,41,63.41463414634146,36.58536585365854,0.0,1.7333333333333334,21.58536585365853,67.92682926829268
IBM,27,62.96296296296296,37.03703703703704,0.0,1.7,21.48148148148148,68.88888888888889
EL,14,64.28571428571429,35.714285714285715,-7.105427357601002e-15,1.8,21.428571428571427,67.14285714285714
XLE,19,63.1578947368421,36.84210526315789,7.105427357601002e-15,1.7142857142857144,21.315789473684205,68.15789473684211
R,12,66.66666666666666,33.33333333333333,1.4210854715202004e-14,2.0,20.833333333333336,67.5
ZM,12,66.66666666666666,33.33333333333333,1.4210854715202004e-14,2.0,20.0,75.0
VX,8,62.5,37.5,0.0,1.6666666666666667,19.375000000000004,69.375
ARKK,30,60.0,36.666666666666664,3.3333333333333357,1.6363636363636365,18.833333333333332,69.83333333333333
SNAP,28,64.28571428571429,35.714285714285715,-7.105427357601002e-15,1.8,18.57142857142857,71.07142857142857
ELF,19,63.1578947368421,36.84210526315789,7.105427357601002e-15,1.7142857142857144,17.631578947368425,72.36842105263158
CROX,5,60.0,40.0,0.0,1.5,17.0,69.0
D,5,60.0,40.0,0.0,1.5,17.0,67.0
MAGS,5,60.0,40.0,0.0,1.5,17.0,71.0
DLO,5,60.0,40.0,0.0,1.5,17.0,73.0
ON,5,60.0,40.0,0.0,1.5,16.0,72.0
WING,7,57.14285714285714,42.857142857142854,7.105427357601002e-15,1.3333333333333333,15.714285714285717,71.42857142857143
SIRI,10,60.0,40.0,0.0,1.5,15.499999999999996,69.5
BEAM,5,60.0,40.0,0.0,1.5,14.999999999999996,69.0
WBA,7,57.14285714285714,42.857142857142854,7.105427357601002e-15,1.3333333333333333,14.999999999999996,66.42857142857143
CVNA,39,58.97435897435898,41.02564102564102,0.0,1.4375000000000002,13.461538461538458,68.84615384615384
SBUX,31,58.06451612903226,41.935483870967744,-7.105427357601002e-15,1.3846153846153846,12.741935483870966,68.87096774193549
LAZR,5,60.0,40.0,0.0,1.5,12.000000000000002,72.0
SMH,62,54.83870967741935,43.54838709677419,1.6129032258064555,1.2592592592592593,8.790322580645157,68.79032258064517
DXY,51,54.90196078431373,45.09803921568628,-7.105427357601002e-15,1.2173913043478262,8.686274509803923,69.66666666666667
MRNA,9,55.55555555555556,44.44444444444444,0.0,1.25,7.777777777777777,66.66666666666667
FART,9,55.55555555555556,44.44444444444444,0.0,1.25,5.0,57.22222222222222
CRSP,11,54.54545454545454,45.45454545454545,7.105427357601002e-15,1.2,4.09090909090909,65.9090909090909
APP,82,52.4390243902439,47.5609756097561,0.0,1.1025641025641024,3.902439024390244,70.85365853658537
OXY,10,50.0,50.0,0.0,1.0,3.4999999999999996,69.5
ASPI,6,50.0,50.0,0.0,1.0,3.333333333333335,66.66666666666667
IONQ,117,51.28205128205128,48.717948717948715,7.105427357601002e-15,1.0526315789473684,2.948717948717947,71.15384615384616
EA,8,50.0,50.0,0.0,1.0,1.2499999999999982,72.5
QBTS,18,50.0,50.0,0.0,1.0,0.8333333333333323,68.05555555555556
H,9,44.44444444444444,55.55555555555556,0.0,0.7999999999999999,-0.5555555555555574,65.0
CTAS,9,44.44444444444444,55.55555555555556,0.0,0.7999999999999999,-4.444444444444443,68.88888888888889
US,7,42.857142857142854,57.14285714285714,7.105427357601002e-15,0.75,-5.0,66.42857142857143
NTLA,7,42.857142857142854,57.14285714285714,7.105427357601002e-15,0.75,-7.1428571428571415,65.71428571428571
DAVE,7,42.857142857142854,57.14285714285714,7.105427357601002e-15,0.75,-7.142857142857142,77.14285714285714
RENB,9,44.44444444444444,55.55555555555556,0.0,0.7999999999999999,-7.222222222222221,65.0
BA,23,43.47826086956522,56.52173913043478,0.0,0.7692307692307693,-8.478260869565217,71.08695652173913
TTAN,5,40.0,60.0,0.0,0.6666666666666666,-10.0,68.0
UPS,7,42.857142857142854,57.14285714285714,7.105427357601002e-15,0.75,-10.714285714285717,69.28571428571429
AAP,12,41.66666666666667,58.333333333333336,-7.105427357601002e-15,0.7142857142857143,-11.249999999999998,67.08333333333333
MCD,10,40.0,60.0,0.0,0.6666666666666666,-11.500000000000002,69.5
EQIX,18,38.88888888888889,61.111111111111114,-7.105427357601002e-15,0.6363636363636364,-13.333333333333334,71.66666666666667
MTCH,13,38.46153846153847,61.53846153846154,-7.105427357601002e-15,0.6250000000000001,-14.615384615384613,67.6923076923077
MELAN,10,40.0,60.0,0.0,0.6666666666666666,-15.500000000000004,67.5
DG,8,37.5,62.5,0.0,0.6,-17.5,68.75
QUBT,23,34.78260869565217,65.21739130434783,0.0,0.5333333333333333,-17.82608695652174,70.43478260869566
RGTI,41,36.58536585365854,63.41463414634146,0.0,0.576923076923077,-19.268292682926838,71.46341463414635
KVYO,6,33.33333333333333,66.66666666666666,1.4210854715202004e-14,0.5,-20.833333333333336,69.16666666666667
NFE,7,28.57142857142857,71.42857142857143,0.0,0.39999999999999997,-22.857142857142858,62.857142857142854
QS,15,33.33333333333333,66.66666666666666,1.4210854715202004e-14,0.5,-23.999999999999996,71.33333333333333
TNX,11,27.27272727272727,72.72727272727273,0.0,0.37499999999999994,-28.18181818181818,64.54545454545455
SAVA,17,29.411764705882355,70.58823529411765,0.0,0.4166666666666667,-32.94117647058824,68.82352941176471
SOXL,10,20.0,80.0,0.0,0.25,-40.0,68.0
BMBL,21,19.047619047619047,80.95238095238095,0.0,0.23529411764705882,-40.71428571428572,65.47619047619048
AX,14,21.428571428571427,78.57142857142857,0.0,0.2727272727272727,-40.71428571428572,72.85714285714286
DNA,16,18.75,81.25,0.0,0.23076923076923078,-42.1875,70.3125
SEZL,5,20.0,80.0,0.0,0.25,-48.00000000000001,76.0
EH,20,15.0,85.0,0.0,0.17647058823529413,-51.24999999999999,72.75
FRHC,22,9.090909090909092,90.9090909090909,0.0,0.1,-52.5,65.68181818181819
IEP,25,12.0,88.0,0.0,0.13636363636363635,-53.79999999999999,69.0
ZETA,46,10.869565217391305,89.13043478260869,0.0,0.12195121951219513,-55.869565217391305,70.0
TICK,7,0.0,100.0,0.0,0.0,-57.14285714285714,57.142857142857146
PACS,15,0.0,100.0,0.0,0.0,-57.666666666666664,57.666666666666664
TIO,17,5.88235294117647,94.11764705882352,1.4210854715202004e-14,0.0625,-63.82352941176469,72.05882352941177
BLI,13,7.6923076923076925,92.3076923076923,0.0,0.08333333333333334,-63.84615384615384,71.53846153846153
LPP,5,0.0,100.0,0.0,0.0,-64.0,64.0
TWST,27,7.4074074074074066,92.5925925925926,0.0,0.07999999999999999,-64.25925925925927,76.11111111111111
SIVB,6,0.0,100.0,0.0,0.0,-65.0,65.0
MSS,8,0.0,100.0,0.0,0.0,-65.625,65.625
LFST,13,0.0,100.0,0.0,0.0,-65.76923076923076,65.76923076923077
NVRO,18,5.555555555555555,94.44444444444444,0.0,0.058823529411764705,-68.33333333333333,75.0
SI,7,0.0,100.0,0.0,0.0,-71.42857142857143,71.42857142857143
TEMN,11,0.0,100.0,0.0,0.0,-71.81818181818183,71.81818181818181
TMSNY,11,0.0,100.0,0.0,0.0,-71.81818181818183,71.81818181818181
AXGN,5,0.0,100.0,0.0,0.0,-73.0,73.0
MDRX,5,0.0,100.0,0.0,0.0,-73.0,73.0
HRMY,17,0.0,100.0,0.0,0.0,-73.82352941176471,73.82352941176471
ALLK,6,0.0,100.0,0.0,0.0,-74.16666666666667,74.16666666666667
GDHG,17,0.0,100.0,0.0,0.0,-74.99999999999999,75.0
NKLA,5,0.0,100.0,0.0,0.0,-76.0,76.0
GALT,5,0.0,100.0,0.0,0.0,-79.0,79.0
AILE,8,0.0,100.0,0.0,0.0,-85.00000000000001,85.0
